{"stock":{"Murder Mystery 2":{"IcePhoenix":{"Type":"Pets","Rarity":"Godly","Amount":9},"Heat":{"Type":"Weapons","Rarity":"Godly","Amount":3},"GingerbladeChroma":{"Type":"Weapons","Rarity":"Godly","Amount":1},"VampiresEdge":{"Type":"Weapons","Rarity":"Godly","Amount":4},"Boneblade":{"Type":"Weapons","Rarity":"Godly","Amount":3},"IceDragon":{"Type":"Weapons","Rarity":"Godly","Amount":7},"BunnyFire":{"Type":"Pets","Rarity":"Godly","Amount":13},"Ghosty":{"Type":"Pets","Rarity":"Godly","Amount":10},"Frostbird":{"Type":"Pets","Rarity":"Godly","Amount":5},"Hallowgun":{"Type":"Weapons","Rarity":"Godly","Amount":2},"GingerLuger":{"Type":"Weapons","Rarity":"Godly","Amount":1},"BunnyChroma":{"Type":"Pets","Rarity":"Godly","Amount":3},"Bioblade":{"Type":"Weapons","Rarity":"Godly","Amount":2},"AmericaGun":{"Type":"Weapons","Rarity":"Classic","Amount":2},"Gingerblade":{"Type":"Weapons","Rarity":"Godly","Amount":4},"SlasherChroma":{"Type":"Weapons","Rarity":"Godly","Amount":1},"Frostbite":{"Type":"Weapons","Rarity":"Godly","Amount":5},"Iceblaster":{"Type":"Weapons","Rarity":"Godly","Amount":2},"PigChroma":{"Type":"Pets","Rarity":"Godly","Amount":5},"DogFire":{"Type":"Pets","Rarity":"Godly","Amount":11},"SeerChroma":{"Type":"Weapons","Rarity":"Godly","Amount":1},"BearFire":{"Type":"Pets","Rarity":"Godly","Amount":12},"RedLuger":{"Type":"Weapons","Rarity":"Godly","Amount":2},"BatFire":{"Type":"Pets","Rarity":"Godly","Amount":11},"GhostKnife":{"Type":"Weapons","Rarity":"Classic","Amount":7},"BonebladeChroma":{"Type":"Weapons","Rarity":"Godly","Amount":1},"Handsaw":{"Type":"Weapons","Rarity":"Godly","Amount":4},"Slasher":{"Type":"Weapons","Rarity":"Godly","Amount":2},"Nightblade":{"Type":"Weapons","Rarity":"Godly","Amount":4},"Gun1":{"Type":"Weapons","Rarity":"Classic","Amount":6},"BattleAxe2":{"Type":"Weapons","Rarity":"Godly","Amount":3},"Skelly":{"Type":"Pets","Rarity":"Godly","Amount":11},"BloodKnife":{"Type":"Weapons","Rarity":"Classic","Amount":11},"TimeKnife":{"Type":"Weapons","Rarity":"Classic","Amount":5},"Deathspeaker":{"Type":"Pets","Rarity":"Godly","Amount":1},"LaserChroma":{"Type":"Weapons","Rarity":"Godly","Amount":1},"Eternal4":{"Type":"Weapons","Rarity":"Godly","Amount":3},"Eternal":{"Type":"Weapons","Rarity":"Godly","Amount":2},"Laser":{"Type":"Weapons","Rarity":"Godly","Amount":2},"Xmas":{"Type":"Weapons","Rarity":"Godly","Amount":2},"Icey":{"Type":"Pets","Rarity":"Godly","Amount":5},"Disint":{"Type":"Weapons","Rarity":"Classic","Amount":10},"Pumpking":{"Type":"Weapons","Rarity":"Godly","Amount":5},"AmericaSword":{"Type":"Weapons","Rarity":"Godly","Amount":5},"Electro":{"Type":"Pets","Rarity":"Godly","Amount":5},"Fang":{"Type":"Weapons","Rarity":"Godly","Amount":2},"DeathshardChroma":{"Type":"Weapons","Rarity":"Godly","Amount":1},"Nebula":{"Type":"Weapons","Rarity":"Godly","Amount":4},"Phoenix":{"Type":"Pets","Rarity":"Godly","Amount":11},"<3":{"Type":"Pets","Rarity":"Common","Amount":2},"IceShard":{"Type":"Weapons","Rarity":"Godly","Amount":5},"Frostsaber":{"Type":"Weapons","Rarity":"Godly","Amount":2},"FoxFire":{"Type":"Pets","Rarity":"Godly","Amount":14},"Eggblade":{"Type":"Weapons","Rarity":"Godly","Amount":4},"Eternal2":{"Type":"Weapons","Rarity":"Godly","Amount":2},"FoxChroma":{"Type":"Pets","Rarity":"Godly","Amount":5},"BatChroma":{"Type":"Pets","Rarity":"Godly","Amount":4},"CatChroma":{"Type":"Pets","Rarity":"Godly","Amount":2},"BearChroma":{"Type":"Pets","Rarity":"Godly","Amount":4},"CatFire":{"Type":"Pets","Rarity":"Godly","Amount":12},"Prismatic":{"Type":"Weapons","Rarity":"Godly","Amount":4},"WintersEdge":{"Type":"Weapons","Rarity":"Godly","Amount":5},"Traveller":{"Type":"Pets","Rarity":"Godly","Amount":6},"Peppermint":{"Type":"Weapons","Rarity":"Godly","Amount":6},"Chill":{"Type":"Weapons","Rarity":"Godly","Amount":2},"Scythe":{"Type":"Weapons","Rarity":"Ancient","Amount":2},"GoldenGun":{"Type":"Weapons","Rarity":"Classic","Amount":8},"Phaser":{"Type":"Weapons","Rarity":"Classic","Amount":6},"Knife1":{"Type":"Weapons","Rarity":"Classic","Amount":13},"ChromaDarkbringer":{"Type":"Weapons","Rarity":"Godly","Amount":1},"Sugar":{"Type":"Weapons","Rarity":"Godly","Amount":2},"Shark":{"Type":"Weapons","Rarity":"Godly","Amount":2},"Steambird":{"Type":"Pets","Rarity":"Godly","Amount":10},"HeatChroma":{"Type":"Weapons","Rarity":"Godly","Amount":1},"Lugercane":{"Type":"Weapons","Rarity":"Godly","Amount":2},"GemstoneChroma":{"Type":"Weapons","Rarity":"Godly","Amount":1},"Flames":{"Type":"Weapons","Rarity":"Godly","Amount":3},"Hallow":{"Type":"Weapons","Rarity":"Godly","Amount":2},"Amerilaser":{"Type":"Weapons","Rarity":"Godly","Amount":2},"Lightbringer":{"Type":"Weapons","Rarity":"Godly","Amount":2},"Saw":{"Type":"Weapons","Rarity":"Godly","Amount":3},"Jinglegun":{"Type":"Weapons","Rarity":"Godly","Amount":2},"GreenLuger":{"Type":"Weapons","Rarity":"Godly","Amount":2},"Snowflake":{"Type":"Weapons","Rarity":"Godly","Amount":5},"Luger":{"Type":"Weapons","Rarity":"Godly","Amount":1},"DogChroma":{"Type":"Pets","Rarity":"Godly","Amount":6},"Cookieblade":{"Type":"Weapons","Rarity":"Godly","Amount":7},"ChromaLightbringer":{"Type":"Weapons","Rarity":"Godly","Amount":1},"Virtual":{"Type":"Weapons","Rarity":"Godly","Amount":2},"Deathshard":{"Type":"Weapons","Rarity":"Godly","Amount":3},"BattleAxe":{"Type":"Weapons","Rarity":"Godly","Amount":4},"ShadowKnife":{"Type":"Weapons","Rarity":"Classic","Amount":12},"Spider":{"Type":"Weapons","Rarity":"Godly","Amount":4},"Eternal3":{"Type":"Weapons","Rarity":"Godly","Amount":2},"Hallowscythe":{"Type":"Weapons","Rarity":"Ancient","Amount":1},"Heartblade":{"Type":"Weapons","Rarity":"Godly","Amount":2},"HallowsBlade":{"Type":"Weapons","Rarity":"Godly","Amount":4},"ElderwoodGun":{"Type":"Weapons","Rarity":"Godly","Amount":2},"SharkChroma":{"Type":"Weapons","Rarity":"Godly","Amount":1},"AmericanEagle":{"Type":"Pets","Rarity":"Godly","Amount":2},"Blaster":{"Type":"Weapons","Rarity":"Godly","Amount":2},"Clockwork":{"Type":"Weapons","Rarity":"Godly","Amount":3},"Tides":{"Type":"Weapons","Rarity":"Godly","Amount":4},"Pixel":{"Type":"Weapons","Rarity":"Godly","Amount":2},"PigFire":{"Type":"Pets","Rarity":"Godly","Amount":13}}},"purchases":{"token":[],"item":{"Murder Mystery 2":{"0":{"UserId":2038974395,"Items":{"Hallowscythe":1},"TID":"2038974395"},"1":{"UserId":3335577536,"Items":{"Luger":1},"TID":"3335577536"},"2":{"UserId":3035349507,"Items":{"GoldenGun":1},"TID":"3035349507"},"3":{"UserId":2911413935,"Items":{"TimeKnife":1},"TID":"2911413935"},"5":{"UserId":979997843,"Items":{"GoldenGun":1},"TID":"979997843"},"7":{"UserId":613993127,"Items":{"TimeKnife":1},"TID":"613993127"},"8":{"UserId":202708948,"Items":{"Deathspeaker":1},"TID":"202708948"},"9":{"UserId":94125852,"Items":{"TimeKnife":1},"TID":"94125852"},"10":{"UserId":1155335,"Items":{"TimeKnife":1},"TID":"1155335"},"11":{"UserId":2298668584,"Items":{"AmericaGun":1},"TID":"2298668584"},"12":{"UserId":39519487,"Items":{"GoldenGun":1},"TID":"39519487"},"13":{"UserId":855983897,"Items":{"TimeKnife":1},"TID":"855983897"},"14":{"UserId":391499122,"Items":{"CatChroma":1},"TID":"391499122"},"15":{"UserId":3448376834,"Items":{"GoldenGun":1},"TID":"3448376834"},"16":{"UserId":927395190,"Items":{"BattleAxe":1},"TID":"927395190"},"17":{"UserId":2921566463,"Items":{"BatChroma":1},"TID":"2921566463"}}}}}